time;Azimut:;Inclinazione:;Rotolio:
0,083281;125,694;0,984;-1,045
0,139364;125,694;0,984;-1,045
0,157773;125,982;1,069;-1,279
0,283131;125,849;1,069;-1,279
0,339090;125,849;1,069;-1,279
0,356804;125,844;1,083;-1,253
0,483565;125,711;1,083;-1,253
0,536933;125,711;1,083;-1,253
0,556368;125,736;1,073;-1,298
0,683262;125,685;1,073;-1,298
0,736591;125,685;1,073;-1,298
0,756905;125,600;1,063;-1,209
0,883939;125,519;1,063;-1,209
1,084331;125,564;1,063;-1,209
1,154321;125,513;1,043;-1,175
1,155287;125,513;1,043;-1,175
1,155848;125,513;1,043;-1,175
1,156363;125,513;1,043;-1,175
1,282921;125,597;1,043;-1,175
1,353715;125,766;1,080;-1,330
1,354699;125,766;1,080;-1,330
1,482822;126,446;1,080;-1,330
1,553799;126,368;1,078;-1,239
1,555287;126,368;1,078;-1,239
1,683819;128,292;1,078;-1,239
1,753342;128,291;1,101;-1,210
1,754512;128,291;1,101;-1,210
1,882513;131,800;1,101;-1,210
1,951730;131,579;1,150;-0,920
1,952374;131,579;1,150;-0,920
2,084673;136,419;1,150;-0,920
2,152344;136,349;1,061;-0,935
2,153229;136,349;1,061;-0,935
2,283961;141,476;1,061;-0,935
2,351177;141,476;1,061;-0,935
2,352745;140,785;0,509;-0,759
2,483699;145,296;0,509;-0,759
2,550667;145,296;0,509;-0,759
2,552728;144,737;0,149;-0,539
2,682648;147,218;0,149;-0,539
2,867929;147,218;0,149;-0,539
2,868813;147,661;0,761;-0,515
2,882219;147,027;0,761;-0,515
3,070260;148,955;2,228;-1,193
3,071033;148,955;2,228;-1,193
3,082659;144,653;2,228;-1,193
3,268251;143,125;0,286;-1,384
3,269030;143,125;0,286;-1,384
3,283284;134,136;0,286;-1,384
3,468082;136,960;2,541;-1,418
3,469177;136,960;2,541;-1,418
3,483524;124,041;2,541;-1,418
3,667700;122,004;1,033;-1,831
3,668816;122,004;1,033;-1,831
3,684312;105,686;1,033;-1,831
3,866002;106,375;1,599;-1,134
3,867127;106,375;1,599;-1,134
3,883818;95,395;1,599;-1,134
4,067093;94,513;1,131;-0,880
4,068416;94,513;1,131;-0,880
4,083422;88,975;1,131;-0,880
4,266093;89,271;1,312;-1,084
4,266867;89,271;1,312;-1,084
4,283101;86,428;1,312;-1,084
4,461994;100,387;9,244;-4,603
4,462418;100,387;9,244;-4,603
4,481771;97,546;9,244;-4,603
4,665795;122,052;26,175;-4,029
4,666815;122,052;26,175;-4,029
4,683947;118,996;26,175;-4,029
4,864493;135,158;46,865;-2,094
4,865905;135,158;46,865;-2,094
4,883253;132,102;46,865;-2,094
5,064524;140,710;59,246;-3,831
5,065870;140,710;59,246;-3,831
5,083161;142,678;59,246;-3,831
5,264690;139,770;55,273;-2,888
5,266543;139,770;55,273;-2,888
5,284152;137,207;55,273;-2,888
5,462324;117,343;35,084;0,457
5,463747;117,343;35,084;0,457
5,484405;114,847;35,084;0,457
5,661287;87,515;14,367;-0,940
5,662876;87,515;14,367;-0,940
5,685045;85,205;14,367;-0,940
5,862315;68,715;3,107;-1,341
5,863707;68,715;3,107;-1,341
5,883055;67,233;3,107;-1,341
6,057400;67,235;3,038;-1,155
6,058312;67,235;3,038;-1,155
6,082467;67,267;3,038;-1,155
6,258577;64,696;0,911;-1,161
6,259568;64,696;0,911;-1,161
6,284168;68,189;0,911;-1,161
6,456928;67,937;0,555;-0,768
6,458181;67,937;0,555;-0,768
6,482572;74,197;0,555;-0,768
6,654280;72,408;0,061;-3,351
6,654584;72,408;0,061;-3,351
6,681107;81,104;0,061;-3,351
6,855245;64,044;-12,319;-1,640
6,855734;64,044;-12,319;-1,640
6,882274;73,691;-12,319;-1,640
7,055140;47,604;-39,056;0,470
7,055662;47,604;-39,056;0,470
7,081791;53,694;-39,056;0,470
7,255643;53,694;-39,056;0,470
7,257178;41,537;-59,715;0,963
7,284523;46,824;-59,715;0,963
7,456035;38,282;-62,129;-5,275
7,457008;38,282;-62,129;-5,275
7,482346;42,917;-62,129;-5,275
7,653501;81,438;-31,559;-1,723
7,654900;81,438;-31,559;-1,723
7,683486;90,394;-31,559;-1,723
7,852852;114,806;-14,994;0,200
7,853469;114,806;-14,994;0,200
7,883657;120,871;-14,994;0,200
8,053857;133,408;-1,524;-0,173
8,055039;133,408;-1,524;-0,173
8,083055;136,239;-1,524;-0,173
8,250757;142,261;9,220;-0,169
8,251459;142,261;9,220;-0,169
8,282812;143,475;9,220;-0,169
8,450123;148,045;24,671;0,905
8,451119;148,045;24,671;0,905
8,483263;147,003;24,671;0,905
8,651153;149,912;32,997;-0,112
8,651996;149,912;32,997;-0,112
8,682367;147,253;32,997;-0,112
8,850033;143,367;23,184;0,278
8,851235;143,367;23,184;0,278
8,882828;139,474;23,184;0,278
9,050712;121,109;4,672;2,269
9,052901;121,109;4,672;2,269
9,085067;113,860;4,672;2,269
9,250894;90,375;-9,084;2,290
9,252482;90,375;-9,084;2,290
9,283531;88,198;-9,084;2,290
9,448316;88,198;-9,084;2,290
9,451295;50,066;-41,491;7,383
9,483138;53,292;-41,491;7,383
9,650355;11,855;-61,389;-17,105
9,651877;11,855;-61,389;-17,105
9,683598;16,709;-61,389;-17,105
9,849251;29,849;-52,966;-10,131
9,851030;29,849;-52,966;-10,131
9,882814;38,201;-52,966;-10,131
10,049187;84,181;-28,321;-3,920
10,051019;84,181;-28,321;-3,920
10,084520;99,329;-28,321;-3,920
10,242679;132,098;-4,673;-1,747
10,243429;132,098;-4,673;-1,747
10,283305;135,791;-4,673;-1,747
10,445222;143,181;10,192;0,243
10,446759;143,181;10,192;0,243
10,484995;143,084;10,192;0,243
10,643782;149,031;25,873;-1,063
10,644698;149,031;25,873;-1,063
10,683707;147,144;25,873;-1,063
10,844156;148,010;33,848;0,032
10,845380;148,010;33,848;0,032
10,882806;144,118;33,848;0,032
11,043693;143,036;28,442;-0,524
11,045308;143,036;28,442;-0,524
11,082936;139,054;28,442;-0,524
11,242275;139,054;28,442;-0,524
11,244119;127,915;11,356;-0,806
11,284127;121,938;11,356;-0,806
11,441082;108,740;1,765;-1,049
11,442344;108,740;1,765;-1,049
11,483801;100,272;1,765;-1,049
11,640747;98,569;0,830;-1,320
11,641936;98,569;0,830;-1,320
11,681237;91,314;0,830;-1,320
11,838123;91,893;1,114;-1,212
11,838604;91,893;1,114;-1,212
11,883555;91,500;1,114;-1,212
12,039493;91,400;1,065;-1,238
12,040619;91,400;1,065;-1,238
12,082321;95,672;1,065;-1,238
12,240570;95,692;1,072;-1,256
12,241411;95,692;1,072;-1,256
12,282184;102,720;1,072;-1,256
12,437464;102,685;1,061;-1,227
12,438114;102,685;1,061;-1,227
12,484468;109,981;1,061;-1,227
12,645503;109,931;1,036;-1,219
12,646434;109,931;1,036;-1,219
12,685914;114,774;1,036;-1,219
12,837073;114,806;1,073;-1,182
12,838420;114,806;1,073;-1,182
12,883966;116,182;1,073;-1,182
13,035410;116,124;1,022;-1,211
13,036047;116,124;1,022;-1,211
13,084397;116,121;1,022;-1,211
13,236088;116,115;1,012;-1,223
13,237973;116,115;1,012;-1,223
13,286883;116,017;1,012;-1,223
13,433873;116,035;1,026;-1,218
13,435806;116,035;1,026;-1,218
13,483519;115,869;1,026;-1,218
13,637111;115,835;1,028;-1,172
13,638494;115,835;1,028;-1,172
13,685300;115,588;1,028;-1,172
13,834867;115,665;1,030;-1,264
13,836748;115,665;1,030;-1,264
13,883994;115,523;1,030;-1,264
14,035253;115,491;1,046;-1,191
14,036631;115,491;1,046;-1,191
14,084937;115,436;1,046;-1,191
14,231437;115,417;1,004;-1,253
14,232706;115,417;1,004;-1,253
14,282954;115,364;1,004;-1,253
14,431672;115,382;1,011;-1,260
14,432859;115,382;1,011;-1,260
14,487328;115,295;1,011;-1,260
14,631753;115,389;1,122;-1,152
14,633007;115,389;1,122;-1,152
14,684176;115,335;1,122;-1,152
14,831182;115,200;1,010;-1,209
14,832443;115,200;1,010;-1,209
14,888150;115,045;1,010;-1,209
15,029902;115,040;1,030;-1,160
15,030765;115,040;1,030;-1,160
15,082969;114,894;1,030;-1,160
15,230103;114,811;0,956;-1,207
15,231192;114,811;0,956;-1,207
15,283480;114,741;0,956;-1,207
15,427831;114,849;1,061;-1,127
15,428951;114,849;1,061;-1,127
15,482779;114,827;1,061;-1,127
15,627657;114,802;1,034;-1,151
15,628555;114,802;1,034;-1,151
15,683010;114,791;1,034;-1,151
15,825277;114,732;0,976;-1,196
15,826449;114,732;0,976;-1,196
15,883486;114,698;0,976;-1,196
16,025442;114,771;1,053;-1,128
16,027174;114,771;1,053;-1,128
16,083180;114,782;1,053;-1,128
16,225494;114,703;0,994;-1,148
16,227163;114,703;0,994;-1,148
16,283176;114,673;0,994;-1,148
16,424973;114,695;1,017;-1,130
16,425933;114,695;1,017;-1,130
16,483339;114,729;1,017;-1,130
16,624078;114,741;1,010;-1,161
16,626003;114,741;1,010;-1,161
16,683456;114,818;1,010;-1,161
16,827180;114,839;1,032;-1,141
16,827861;114,839;1,032;-1,141
16,883567;114,882;1,032;-1,141
17,024934;114,814;0,977;-1,169
17,026135;114,814;0,977;-1,169
17,083314;114,792;0,977;-1,169
17,224615;114,841;1,060;-1,057
17,226090;114,841;1,060;-1,057
17,283722;114,799;1,060;-1,057
17,424608;114,656;0,881;-1,249
17,426795;114,656;0,881;-1,249
17,483746;114,701;0,881;-1,249
17,624073;114,840;1,062;-1,050
17,626049;114,840;1,062;-1,050
17,684096;114,872;1,062;-1,050
17,822423;114,904;1,084;-1,044
17,823667;114,904;1,084;-1,044
17,883563;114,869;1,084;-1,044
18,019098;114,716;0,879;-1,276
18,019552;114,716;0,879;-1,276
18,083187;114,668;0,879;-1,276
18,218168;114,668;0,879;-1,276
18,222974;114,817;1,044;-1,122
18,283172;114,762;1,044;-1,122
18,421493;114,642;0,915;-1,240
18,423016;114,642;0,915;-1,240
18,482731;114,654;0,915;-1,240
18,618702;114,700;1,021;-1,075
18,620028;114,700;1,021;-1,075
18,684613;114,755;1,021;-1,075
18,818620;114,812;0,991;-1,213
18,819858;114,812;0,991;-1,213
18,883507;114,745;0,991;-1,213
19,016262;114,748;1,029;-1,136
19,017173;114,748;1,029;-1,136
19,082913;114,606;1,029;-1,136
19,216429;114,539;0,982;-1,150
19,217143;114,539;0,982;-1,150
19,283451;114,396;0,982;-1,150
19,414734;114,478;1,004;-1,209
19,415761;114,478;1,004;-1,209
19,484093;114,434;1,004;-1,209
19,613754;114,346;0,973;-1,160
19,614373;114,346;0,973;-1,160
19,682899;114,407;0,973;-1,160
19,814022;114,356;0,919;-1,209
19,815077;114,356;0,919;-1,209
19,883822;114,436;0,919;-1,209
20,014646;114,594;1,091;-1,048
20,015428;114,594;1,091;-1,048
20,082904;114,649;1,091;-1,048
20,213782;114,523;0,927;-1,232
20,215019;114,523;0,927;-1,232
20,283055;114,535;0,927;-1,232
20,414948;114,661;1,061;-1,112
20,416120;114,661;1,061;-1,112
20,484563;114,738;1,061;-1,112
20,613524;114,758;1,040;-1,184
20,614827;114,758;1,040;-1,184
20,683432;114,846;1,040;-1,184
20,812830;114,825;1,055;-1,126
20,814141;114,825;1,055;-1,126
20,882483;114,791;1,055;-1,126
21,012124;114,661;0,967;-1,140
21,013820;114,661;0,967;-1,140
21,083786;114,650;0,967;-1,140
21,212696;114,699;1,010;-1,114
21,214238;114,699;1,010;-1,114
21,283560;114,711;1,010;-1,114
21,410738;114,719;0,996;-1,154
21,411988;114,719;0,996;-1,154
21,484177;114,741;0,996;-1,154
21,610154;114,655;0,970;-1,095
21,611557;114,655;0,970;-1,095
21,684133;114,622;0,970;-1,095
21,811435;114,694;1,009;-1,106
21,812962;114,694;1,009;-1,106
21,884122;114,561;1,009;-1,106
22,010669;114,539;0,989;-1,120
22,011912;114,539;0,989;-1,120
22,084592;114,442;0,989;-1,120
22,209794;114,479;1,041;-1,058
22,211438;114,479;1,041;-1,058
22,284031;114,458;1,041;-1,058
22,405059;114,462;0,988;-1,177
22,406583;114,462;0,988;-1,177
22,483601;114,464;0,988;-1,177
22,683406;114,418;0,988;-1,177
22,883958;114,305;0,988;-1,177
22,924493;114,351;1,029;-1,147
22,926009;114,351;1,029;-1,147
22,926988;114,351;1,029;-1,147
22,927903;114,351;1,029;-1,147
23,084080;114,216;1,029;-1,147
23,123741;114,209;1,037;-1,120
23,125306;114,209;1,037;-1,120
23,284610;114,165;1,037;-1,120
23,322402;114,157;1,021;-1,144
23,323293;114,157;1,021;-1,144
23,484392;114,166;1,021;-1,144
23,521403;114,166;1,021;-1,144
23,522872;114,106;0,979;-1,156
23,684360;114,080;0,979;-1,156
23,721894;114,100;0,995;-1,146
23,723229;114,100;0,995;-1,146
23,886361;114,109;0,995;-1,146
23,920921;114,145;1,015;-1,152
23,922138;114,145;1,015;-1,152
24,083788;114,325;1,015;-1,152
24,119925;114,336;1,023;-1,148
24,121426;114,336;1,023;-1,148
24,284293;114,478;1,023;-1,148
24,318346;114,444;1,004;-1,143
24,319229;114,444;1,004;-1,143
24,483634;114,578;1,004;-1,143
24,519208;114,523;0,992;-1,096
24,521071;114,523;0,992;-1,096
24,683174;114,634;0,992;-1,096
24,718181;114,664;0,987;-1,146
24,719465;114,664;0,987;-1,146
24,883000;114,820;0,987;-1,146
24,917956;114,820;0,987;-1,146
24,920181;114,806;1,001;-1,099
25,083321;114,971;1,001;-1,099
25,118296;115,014;1,038;-1,078
25,120341;115,014;1,038;-1,078
25,283684;115,167;1,038;-1,078
25,316638;115,150;0,987;-1,160
25,318103;115,150;0,987;-1,160
25,482741;115,204;0,987;-1,160
25,515350;115,184;1,001;-1,106
25,516662;115,184;1,001;-1,106
25,683525;115,050;1,001;-1,106
25,715100;115,068;1,001;-1,129
25,716131;115,068;1,001;-1,129
25,884140;114,947;1,001;-1,129
25,916422;114,943;0,990;-1,147
25,917692;114,943;0,990;-1,147
26,083024;114,908;0,990;-1,147
26,114512;114,916;1,010;-1,115
26,115578;114,916;1,010;-1,115
26,283127;114,916;1,010;-1,115
26,315027;114,937;1,004;-1,156
26,316168;114,937;1,004;-1,156
26,484868;114,826;1,004;-1,156
26,512623;114,842;1,011;-1,160
26,514098;114,842;1,011;-1,160
26,682999;114,665;1,011;-1,160
26,714396;114,726;1,031;-1,198
26,715905;114,726;1,031;-1,198
26,884299;114,569;1,031;-1,198
26,915753;114,708;1,087;-1,261
26,918544;114,708;1,087;-1,261
27,083100;114,576;1,087;-1,261
27,109867;114,571;1,075;-1,280
27,110956;114,571;1,075;-1,280
27,285233;114,537;1,075;-1,280
27,310371;114,506;1,046;-1,302
27,311581;114,506;1,046;-1,302
27,484821;114,462;1,046;-1,302
27,508781;114,441;1,060;-1,244
27,509801;114,441;1,060;-1,244
27,687244;114,306;1,060;-1,244
27,707293;114,329;1,070;-1,252
27,708121;114,329;1,070;-1,252
27,883485;114,173;1,070;-1,252
27,907179;114,182;1,075;-1,252
27,908025;114,182;1,075;-1,252
28,083039;114,124;1,075;-1,252
28,106081;114,105;1,076;-1,227
28,107321;114,105;1,076;-1,227
28,285193;114,139;1,076;-1,227
28,306241;114,099;1,051;-1,229
28,306848;114,099;1,051;-1,229
28,484708;114,224;1,051;-1,229
28,505785;114,213;1,042;-1,233
28,506947;114,213;1,042;-1,233
28,684647;114,345;1,042;-1,233
28,704386;114,346;1,043;-1,233
28,705459;114,346;1,043;-1,233
28,885005;114,469;1,043;-1,233
28,904698;114,444;1,037;-1,212
28,905486;114,444;1,037;-1,212
29,087011;114,568;1,037;-1,212
29,103287;114,587;1,066;-1,175
29,104015;114,587;1,066;-1,175
29,284487;114,721;1,066;-1,175
29,303165;114,726;1,039;-1,240
29,304827;114,726;1,039;-1,240
29,484221;114,858;1,039;-1,240
29,502564;114,844;1,045;-1,206
29,503515;114,844;1,045;-1,206
29,684800;114,977;1,045;-1,206
29,701249;114,881;1,006;-1,162
29,702072;114,881;1,006;-1,162
29,884995;114,934;1,006;-1,162
29,900934;114,976;1,039;-1,147
29,902617;114,976;1,039;-1,147
30,083389;114,998;1,039;-1,147
30,100761;114,961;1,009;-1,160
30,101457;114,961;1,009;-1,160
30,284398;114,973;1,009;-1,160
30,301770;115,037;1,037;-1,185
30,302436;115,037;1,037;-1,185
30,483219;114,960;1,037;-1,185
30,498178;114,963;1,034;-1,197
30,499048;114,963;1,034;-1,197
30,686565;114,950;1,034;-1,197
30,698517;114,897;1,020;-1,156
30,699791;114,897;1,020;-1,156
30,884963;114,865;1,020;-1,156
30,898779;114,908;1,039;-1,174
30,899801;114,908;1,039;-1,174
31,084864;114,799;1,039;-1,174
31,095648;114,758;1,019;-1,160
31,096412;114,758;1,019;-1,160
31,283715;114,712;1,019;-1,160
31,294377;114,712;1,019;-1,160
31,295441;114,702;1,023;-1,140
31,484390;114,783;1,023;-1,140
31,494309;114,807;1,032;-1,152
31,495177;114,807;1,032;-1,152
31,684986;114,772;1,032;-1,152
31,693495;114,754;1,023;-1,147
31,694487;114,754;1,023;-1,147
31,884104;114,757;1,023;-1,147
31,892979;114,757;1,025;-1,143
31,893968;114,757;1,025;-1,143
32,083972;114,858;1,025;-1,143
32,092381;114,771;0,982;-1,120
32,093190;114,771;0,982;-1,120
32,285253;114,841;0,982;-1,120
32,292998;114,912;1,015;-1,143
32,293902;114,912;1,015;-1,143
32,483489;115,025;1,015;-1,143
32,491453;115,042;1,009;-1,179
32,492507;115,042;1,009;-1,179
32,683197;115,162;1,009;-1,179
32,690827;115,162;1,009;-1,179
32,691985;115,139;1,011;-1,143
32,883576;115,195;1,011;-1,143
32,889671;115,186;1,023;-1,105
32,890610;115,186;1,023;-1,105
33,087375;115,187;1,023;-1,105
33,090441;115,159;0,992;-1,134
33,091102;115,159;0,992;-1,134
33,285726;115,127;0,992;-1,134
33,288936;115,215;1,037;-1,155
33,290570;115,215;1,037;-1,155
33,486338;115,292;1,037;-1,155
33,488474;115,159;0,982;-1,096
33,490088;115,159;0,982;-1,096
33,683870;115,139;0,982;-1,096
33,688999;115,192;1,004;-1,119
33,690519;115,192;1,004;-1,119
33,887096;115,148;1,004;-1,119
33,889208;115,171;1,011;-1,135
33,890581;115,171;1,011;-1,135
34,081395;115,125;1,011;-1,135
34,084428;115,097;0,991;-1,142
34,084859;115,097;0,991;-1,142
34,286932;115,098;0,991;-1,142
34,289691;115,125;1,025;-1,106
34,291036;115,125;1,025;-1,106
34,484654;115,048;1,025;-1,106
34,486576;115,012;0,996;-1,120
34,487614;115,012;0,996;-1,120
34,687164;115,033;0,996;-1,120
34,689289;115,103;1,018;-1,165
34,690571;115,103;1,018;-1,165
34,885285;115,156;1,018;-1,165
34,887596;115,219;1,075;-1,128
34,888736;115,219;1,075;-1,128
35,087971;115,106;1,075;-1,128
35,090492;115,087;1,039;-1,179
35,091689;115,087;1,039;-1,179
35,283088;115,026;1,010;-1,161
35,284196;114,926;1,010;-1,161
35,284950;114,926;1,010;-1,161
35,488469;114,886;0,997;-1,134
35,490242;114,886;0,997;-1,134
35,491270;114,809;0,997;-1,134
35,682355;114,830;1,011;-1,132
35,683641;114,830;1,011;-1,132
35,684589;114,732;1,011;-1,132
35,882358;114,734;1,010;-1,138
35,883895;114,734;1,010;-1,138
35,885511;114,634;1,010;-1,138
36,080553;114,663;1,024;-1,147
36,081433;114,663;1,024;-1,147
36,082293;114,606;1,024;-1,147
36,281234;114,579;1,001;-1,160
36,283515;114,579;1,001;-1,160
36,285434;114,481;1,001;-1,160
36,480203;114,469;1,004;-1,138
36,481754;114,469;1,004;-1,138
36,483384;114,358;1,004;-1,138
36,678424;114,358;1,004;-1,138
36,680797;114,365;1,011;-1,132
36,683290;114,344;1,011;-1,132
36,876676;114,344;1,011;-1,132
36,877698;114,341;1,011;-1,128
36,880619;114,349;1,011;-1,128
37,078571;114,354;1,011;-1,134
37,080600;114,354;1,011;-1,134
37,082438;114,454;1,011;-1,134
37,276768;114,506;1,023;-1,176
37,278353;114,506;1,023;-1,176
37,282392;114,527;1,023;-1,176
37,476396;114,490;1,020;-1,135
37,478128;114,490;1,020;-1,135
37,482192;114,514;1,020;-1,135
37,675618;114,535;1,033;-1,134
37,676816;114,535;1,033;-1,134
37,682446;114,547;1,033;-1,134
37,879473;114,559;1,032;-1,152
37,880731;114,559;1,032;-1,152
37,882183;114,537;1,032;-1,152
38,075471;114,584;1,032;-1,216
38,076779;114,584;1,032;-1,216
38,082969;114,583;1,032;-1,216
38,275748;114,552;1,020;-1,202
38,277017;114,552;1,020;-1,202
38,282423;114,552;1,020;-1,202
38,473004;114,597;1,032;-1,233
38,475289;114,597;1,032;-1,233
38,482741;114,598;1,032;-1,233
38,674304;114,535;1,020;-1,176
38,675952;114,535;1,020;-1,176
38,682375;114,432;1,020;-1,176
38,872538;114,481;1,029;-1,221
38,875450;114,481;1,029;-1,221
38,881788;114,177;1,029;-1,221
39,076373;114,188;1,056;-1,176
39,077862;114,188;1,056;-1,176
39,082198;114,186;1,056;-1,176
39,270384;114,144;1,033;-1,169
39,271560;114,144;1,033;-1,169
39,284890;114,109;1,033;-1,169
39,469307;114,098;1,020;-1,183
39,470597;114,098;1,020;-1,183
39,483526;114,097;1,020;-1,183
39,668161;114,144;1,051;-1,179
39,669003;114,144;1,051;-1,179
39,681964;114,100;1,051;-1,179
39,868644;114,057;1,020;-1,190
39,870198;114,057;1,020;-1,190
39,883546;114,014;1,020;-1,190
40,068008;114,326;1,651;-0,258
40,069300;114,326;1,651;-0,258
40,083810;114,326;1,651;-0,258
40,283523;114,288;1,651;-0,258
40,346589;114,755;1,099;-2,061
40,347483;114,755;1,099;-2,061
40,483662;114,735;1,099;-2,061
40,546561;115,438;1,317;-2,513
40,547508;115,438;1,317;-2,513
40,683832;115,264;1,317;-2,513
40,746701;116,224;1,318;-3,698
40,748178;116,224;1,318;-3,698
40,883294;116,019;1,318;-3,698
40,944455;116,159;1,359;-3,786
40,945324;116,159;1,359;-3,786
41,084557;116,071;1,359;-3,786
41,145809;115,471;1,286;-3,177
41,146790;115,471;1,286;-3,177
41,284469;115,484;1,286;-3,177
41,344864;115,018;1,222;-2,692
41,346665;115,018;1,222;-2,692
41,484681;114,984;1,222;-2,692
41,544467;115,807;1,194;-3,839
41,545786;115,807;1,194;-3,839
41,684527;115,151;1,194;-3,839
41,743285;126,168;2,643;-12,324
41,744034;126,168;2,643;-12,324
41,883222;123,336;2,643;-12,324
41,944984;135,924;2,659;-20,409
41,946466;135,924;2,659;-20,409
42,082566;131,435;2,659;-20,409
42,142645;136,998;2,715;-23,308
42,143970;136,998;2,715;-23,308
42,283787;132,390;2,715;-23,308
42,339978;132,216;2,698;-23,225
42,340877;132,216;2,698;-23,225
42,484636;129,395;2,698;-23,225
42,542960;118,987;2,921;-13,865
42,544107;118,987;2,921;-13,865
42,683426;118,270;2,921;-13,865
42,739045;111,279;4,668;1,028
42,740115;111,279;4,668;1,028
42,883819;111,538;4,668;1,028
42,937499;107,241;4,154;11,448
42,938307;107,241;4,154;11,448
43,083692;107,313;4,154;11,448
43,137095;104,207;3,266;21,702
43,137993;104,207;3,266;21,702
43,282828;104,972;3,266;21,702
43,336498;104,555;3,687;24,775
43,337147;104,555;3,687;24,775
43,483574;105,787;3,687;24,775
43,535817;104,295;3,427;30,437
43,536699;104,295;3,427;30,437
43,682919;106,142;3,427;30,437
43,735601;107,094;3,753;28,121
43,736444;107,094;3,753;28,121
43,884173;107,973;3,753;28,121
43,934524;114,860;5,113;17,943
43,935331;114,860;5,113;17,943
44,082790;114,587;5,113;17,943
44,134019;152,848;7,000;-3,751
44,135095;152,848;7,000;-3,751
44,282600;146,124;7,000;-3,751
44,332625;-153,276;3,857;-20,547
44,333171;-153,276;3,857;-20,547
44,483063;-176,414;3,857;-20,547
44,532094;-126,486;4,349;-37,944
44,532739;-126,486;4,349;-37,944
44,683813;-142,941;4,349;-37,944
44,732461;-135,946;4,263;-40,892
44,733711;-135,946;4,263;-40,892
44,884402;-159,855;4,263;-40,892
44,932331;-159,855;4,263;-40,892
44,934003;-178,564;3,725;-35,868
45,082588;154,866;3,725;-35,868
45,132782;119,789;3,668;-17,689
45,134461;119,789;3,668;-17,689
45,283355;115,046;3,668;-17,689
45,331611;105,966;2,854;-0,545
45,334513;105,966;2,854;-0,545
45,483286;106,491;2,854;-0,545
45,531785;102,422;2,729;18,845
45,533186;102,422;2,729;18,845
45,683448;104,738;2,729;18,845
45,731689;102,687;2,891;35,984
45,732541;102,687;2,891;35,984
45,884196;104,763;2,891;35,984
45,930277;105,623;6,142;36,111
45,931665;105,623;6,142;36,111
46,082789;106,232;6,142;36,111
46,128883;121,536;8,457;4,763
46,130270;121,536;8,457;4,763
46,284791;122,218;8,457;4,763
46,327478;146,960;19,090;-6,273
46,328839;146,960;19,090;-6,273
46,484775;147,608;19,090;-6,273
46,528942;165,566;40,853;-10,755
46,530664;165,566;40,853;-10,755
46,681855;164,729;40,853;-10,755
46,725220;173,082;63,544;-14,630
46,726834;173,082;63,544;-14,630
46,883708;171,358;63,544;-14,630
46,924363;160,684;57,812;-6,628
46,925231;160,684;57,812;-6,628
47,083579;156,005;57,812;-6,628
47,124917;125,344;31,371;0,371
47,125971;125,344;31,371;0,371
47,284288;118,125;31,371;0,371
47,323732;100,858;19,757;-0,619
47,324610;100,858;19,757;-0,619
47,482740;97,798;19,757;-0,619
47,523413;72,813;3,784;-2,625
47,524299;72,813;3,784;-2,625
47,683102;72,377;3,784;-2,625
47,722002;60,673;-5,797;-1,751
47,723085;60,673;-5,797;-1,751
47,883598;61,591;-5,797;-1,751
47,920803;56,706;-9,521;-2,899
47,921829;56,706;-9,521;-2,899
48,083127;64,373;-9,521;-2,899
48,120879;47,295;-24,395;-4,314
48,121510;47,295;-24,395;-4,314
48,283027;54,335;-24,395;-4,314
48,319945;63,072;-18,820;-2,842
48,320559;63,072;-18,820;-2,842
48,483138;71,386;-18,820;-2,842
48,520676;118,326;3,862;-7,185
48,521964;118,326;3,862;-7,185
48,684511;123,773;3,862;-7,185
48,720197;147,272;24,899;-7,824
48,721306;147,272;24,899;-7,824
48,883592;145,644;24,899;-7,824
48,920308;147,564;30,308;-6,715
48,922025;147,564;30,308;-6,715
49,085001;146,504;30,308;-6,715
49,119556;136,379;23,959;-2,339
49,120807;136,379;23,959;-2,339
49,284088;137,357;23,959;-2,339
49,319817;118,790;8,915;-0,871
49,321056;118,790;8,915;-0,871
49,484131;120,028;8,915;-0,871
49,517083;105,460;0,124;-0,895
49,518317;105,460;0,124;-0,895
49,684871;103,966;0,124;-0,895
49,717898;88,341;-7,493;-2,023
49,719084;88,341;-7,493;-2,023
49,886251;85,728;-7,493;-2,023
49,916863;82,601;-8,811;-2,595
49,918733;82,601;-8,811;-2,595
50,087444;83,310;-8,811;-2,595
50,117000;107,668;1,137;-5,508
50,119045;107,668;1,137;-5,508
50,284424;113,045;1,137;-5,508
50,316062;150,929;4,207;-20,812
50,316955;150,929;4,207;-20,812
50,483061;148,986;4,207;-20,812
50,513005;-174,543;3,274;-31,771
50,517806;-174,543;3,274;-31,771
50,683854;177,378;3,274;-31,771
50,716122;151,462;4,411;-22,317
50,717824;151,462;4,411;-22,317
50,887927;152,301;4,411;-22,317
50,910315;118,773;3,554;2,265
50,910923;118,773;3,554;2,265
51,086056;120,392;3,554;2,265
51,110377;114,058;2,516;11,625
51,111075;114,058;2,516;11,625
51,286924;115,485;2,516;11,625
51,311419;118,669;2,593;6,017
51,312734;118,669;2,593;6,017
51,483548;120,081;2,593;6,017
51,508406;117,808;1,398;7,589
51,508994;117,808;1,398;7,589
51,682742;122,414;1,398;7,589
51,708239;121,821;3,172;11,115
51,708984;121,821;3,172;11,115
51,883375;128,958;3,172;11,115
51,907774;128,775;1,899;9,829
51,908352;128,775;1,899;9,829
52,084627;138,258;1,899;9,829
52,107804;148,258;5,279;4,733
52,108831;148,258;5,279;4,733
52,284834;157,302;5,279;4,733
52,307767;161,317;7,768;3,082
52,308686;161,317;7,768;3,082
52,483836;163,340;7,768;3,082
52,506372;176,217;5,886;-4,985
52,507592;176,217;5,886;-4,985
52,683780;171,566;5,886;-4,985
52,705104;172,004;2,598;-5,685
52,705936;172,004;2,598;-5,685
52,883462;168,343;2,598;-5,685
52,904215;155,862;-1,537;-0,363
52,904857;155,862;-1,537;-0,363
53,086237;150,899;-1,537;-0,363
53,104803;127,218;-17,802;-2,940
53,105757;127,218;-17,802;-2,940
53,290210;119,356;-17,802;-2,940
53,306695;50,455;-37,994;-4,489
53,307887;50,455;-37,994;-4,489
53,484943;61,323;-37,994;-4,489
53,506266;108,725;-20,864;-4,226
53,507608;108,725;-20,864;-4,226
53,684363;102,451;-20,864;-4,226
53,706336;137,071;3,502;-0,357
53,707876;137,071;3,502;-0,357
53,884476;131,099;3,502;-0,357
53,903776;141,677;16,565;-0,823
53,905091;141,677;16,565;-0,823
54,084292;138,144;16,565;-0,823
54,103708;144,619;29,027;-0,266
54,105033;144,619;29,027;-0,266
54,284023;143,792;29,027;-0,266
54,303945;141,774;24,222;-0,782
54,304920;141,774;24,222;-0,782
54,486086;141,615;24,222;-0,782
54,503141;124,734;5,254;-0,893
54,504623;124,734;5,254;-0,893
54,684256;124,128;5,254;-0,893
54,702121;118,755;0,705;-2,319
54,703745;118,755;0,705;-2,319
54,886505;115,101;0,705;-2,319
54,903733;119,201;1,806;-4,375
54,905279;119,201;1,806;-4,375
55,086973;119,215;1,806;-4,375
55,098447;123,487;5,059;-2,797
55,099592;123,487;5,059;-2,797
55,286634;130,784;5,059;-2,797
55,297756;113,202;-1,450;3,085
55,298968;113,202;-1,450;3,085
55,487096;122,557;-1,450;3,085
55,497317;126,665;0,040;1,547
55,499092;126,665;0,040;1,547
55,683436;136,426;0,040;1,547
55,695502;139,212;3,259;2,263
55,696101;139,212;3,259;2,263
55,883618;141,693;3,259;2,263
55,896071;151,933;2,988;-5,272
55,896759;151,933;2,988;-5,272
56,088276;150,352;2,988;-5,272
56,095486;145,345;2,646;-2,162
56,096498;145,345;2,646;-2,162
56,283114;141,166;2,646;-2,162
56,292633;145,628;0,671;-6,447
56,293185;145,628;0,671;-6,447
56,483552;143,140;0,671;-6,447
56,493203;143,140;0,671;-6,447
56,494947;143,518;8,151;-1,412
56,683711;142,569;8,151;-1,412
56,693362;129,051;1,562;4,994
56,694740;129,051;1,562;4,994
56,883864;127,378;1,562;4,994
56,893228;132,942;3,397;1,286
56,894836;132,942;3,397;1,286
57,084055;129,075;3,397;1,286
57,092328;133,247;2,515;-3,621
57,093485;133,247;2,515;-3,621
57,283616;128,524;2,515;-3,621
57,291521;131,465;6,637;-1,720
57,292602;131,465;6,637;-1,720
57,483513;128,981;6,637;-1,720
57,491135;142,384;20,947;-1,740
57,492478;142,384;20,947;-1,740
57,683973;141,587;20,947;-1,740
57,690624;149,888;40,639;-0,143
57,691861;149,888;40,639;-0,143
57,884463;149,025;40,639;-0,143
57,893014;153,558;54,671;-0,498
57,894437;153,558;54,671;-0,498
58,083714;151,620;54,671;-0,498
58,089428;155,001;58,530;-2,619
58,090794;155,001;58,530;-2,619
58,283984;151,058;58,530;-2,619
58,290443;149,381;60,596;-0,570
58,291481;149,381;60,596;-0,570
58,483608;144,267;60,596;-0,570
58,486042;146,134;63,875;-0,749
58,487173;146,134;63,875;-0,749
58,683355;142,472;63,875;-0,749
58,685173;131,667;48,474;-2,606
58,686498;131,667;48,474;-2,606
58,884266;129,933;48,474;-2,606
58,886218;64,865;14,776;-4,128
58,887152;64,865;14,776;-4,128
59,085255;74,077;14,776;-4,128
59,086741;74,077;14,776;-4,128
59,088252;45,443;-8,873;-2,177
59,284010;56,194;-8,873;-2,177
59,285144;56,194;-8,873;-2,177
59,287080;40,996;-49,312;5,070
59,483337;47,191;-49,312;5,070
59,484922;48,123;-35,948;-0,389
59,486043;48,123;-35,948;-0,389
59,683098;70,368;-11,316;0,150
59,683884;85,003;-11,316;0,150
59,684354;85,003;-11,316;0,150
59,883306;103,421;1,806;-1,285
59,884425;103,421;1,806;-1,285
59,885832;116,366;1,806;-1,285
60,081041;122,776;6,990;-2,121
60,082058;122,776;6,990;-2,121
60,082881;130,309;6,990;-2,121
60,281293;129,790;8,822;0,344
60,282271;129,790;8,822;0,344
60,283106;133,809;8,822;0,344
60,479603;133,809;8,822;0,344
60,480591;135,051;8,413;-1,518
60,481132;134,422;8,413;-1,518
60,681211;136,521;11,461;-1,572
60,682779;136,521;11,461;-1,572
60,683897;132,047;11,461;-1,572
60,880123;132,766;9,581;-4,036
60,882387;132,766;9,581;-4,036
60,884011;124,879;9,581;-4,036
61,079143;125,035;7,931;-6,206
61,080635;125,035;7,931;-6,206
61,082370;117,665;7,931;-6,206
61,279857;107,588;0,957;-8,068
61,281513;107,588;0,957;-8,068
61,283426;103,225;0,957;-8,068
61,477033;93,661;-3,806;-1,363
61,478417;93,661;-3,806;-1,363
61,482988;94,459;-3,806;-1,363
61,678633;102,816;2,129;-0,194
61,679727;102,816;2,129;-0,194
61,683496;106,308;2,129;-0,194
61,878868;106,767;2,691;0,475
61,881315;106,767;2,691;0,475
61,886778;111,013;2,691;0,475
62,077279;109,423;0,313;-2,671
62,078778;109,423;0,313;-2,671
62,082693;115,867;0,313;-2,671
62,274950;116,158;1,382;-0,948
62,275988;116,158;1,382;-0,948
62,283900;124,700;1,382;-0,948
62,474655;121,973;0,838;1,670
62,476043;121,973;0,838;1,670
62,483154;130,632;0,838;1,670
62,673218;137,727;2,970;-3,140
62,674165;137,727;2,970;-3,140
62,684579;141,663;2,970;-3,140
62,872995;144,708;2,040;-6,222
62,874549;144,708;2,040;-6,222
62,883918;145,042;2,040;-6,222
63,072585;-171,973;1,996;-29,768
63,073800;-171,973;1,996;-29,768
63,084944;179,563;1,996;-29,768
63,272618;-137,036;2,167;-56,162
63,274307;-137,036;2,167;-56,162
63,283579;-147,112;2,167;-56,162
63,471102;-130,378;3,190;-73,189
63,472409;-130,378;3,190;-73,189
63,484185;-140,192;3,190;-73,189
63,670469;-126,412;3,319;-90,019
63,671636;-126,412;3,319;-90,019
63,686295;-133,905;3,319;-90,019
63,870487;-175,164;8,677;-62,396
63,872379;-175,164;8,677;-62,396
63,882618;168,438;8,677;-62,396
64,069368;112,696;9,019;13,579
64,070947;112,696;9,019;13,579
64,085111;111,736;9,019;13,579
64,268643;116,347;5,778;77,878
64,269498;116,347;5,778;77,878
64,283702;120,255;5,778;77,878
64,467973;122,609;7,608;85,744
64,468858;122,609;7,608;85,744
64,483410;129,316;7,608;85,744
64,665103;118,625;10,295;50,402
64,666651;118,625;10,295;50,402
64,683785;121,830;10,295;50,402
64,866277;131,867;10,013;12,590
64,867207;131,867;10,013;12,590
64,884009;141,173;10,013;12,590
65,065251;155,036;10,597;-2,217
65,066650;155,036;10,597;-2,217
65,083559;164,749;10,597;-2,217
65,262889;161,937;-1,631;-4,077
65,263608;161,937;-1,631;-4,077
65,281710;177,418;-1,631;-4,077
65,462711;165,619;-2,261;-0,146
65,463165;165,619;-2,261;-0,146
65,481818;179,971;-2,261;-0,146
65,665265;-176,009;3,248;-1,725
65,666683;-176,009;3,248;-1,725
65,681941;175,967;3,248;-1,725
65,864423;170,216;1,157;0,333
65,866134;170,216;1,157;0,333
65,884884;149,051;1,157;0,333
66,065388;153,341;3,846;-0,453
66,066833;153,341;3,846;-0,453
66,083405;139,891;3,846;-0,453
66,266358;132,902;-1,960;-0,812
66,267785;132,902;-1,960;-0,812
66,282996;128,857;-1,960;-0,812
66,464026;110,167;-13,499;-1,580
66,465295;110,167;-13,499;-1,580
66,484584;113,384;-13,499;-1,580
66,660299;105,834;-17,191;-0,523
66,661303;105,834;-17,191;-0,523
66,681847;110,223;-17,191;-0,523
66,860622;95,789;-24,174;-1,107
66,861819;95,789;-24,174;-1,107
66,882761;97,093;-24,174;-1,107
67,059707;140,528;2,015;-3,617
67,060992;140,528;2,015;-3,617
67,084390;139,450;2,015;-3,617
67,260337;143,901;12,382;-0,640
67,262014;143,901;12,382;-0,640
67,284415;141,019;12,382;-0,640
67,457193;141,019;12,382;-0,640
67,458855;145,928;18,516;-1,902
67,483065;143,713;18,516;-1,902
67,657485;131,797;5,217;-0,328
67,658996;131,797;5,217;-0,328
67,685899;130,486;5,217;-0,328
67,856308;130,486;5,217;-0,328
67,857497;127,903;2,097;-1,201
67,883061;128,029;2,097;-1,201
68,055776;126,764;1,013;-1,212
68,056850;126,764;1,013;-1,212
68,084228;124,217;1,013;-1,212
